observation_id,institution_id,period,indicator_family,volume,operational_rate,substantive_rate,review_intensity,sedi,quality_flags,source_dataset_id
cfpb_2012-01,cfpb,2012-01,consumer_complaints,3230,0.988854,0.21517,,,insufficient_history_for_rolling_sedi,cfpb_complaints_monthly
cfpb_2012-02,cfpb,2012-02,consumer_complaints,3509,0.988886,0.194927,,,insufficient_history_for_rolling_sedi,cfpb_complaints_monthly
cfpb_2012-03,cfpb,2012-03,consumer_complaints,6229,0.99117,0.229571,,,insufficient_history_for_rolling_sedi,cfpb_complaints_monthly
cfpb_2012-04,cfpb,2012-04,consumer_complaints,5703,0.99246,0.221813,,,insufficient_history_for_rolling_sedi,cfpb_complaints_monthly
cfpb_2012-05,cfpb,2012-05,consumer_complaints,7614,0.996585,0.292225,,,insufficient_history_for_rolling_sedi,cfpb_complaints_monthly
cfpb_2012-06,cfpb,2012-06,consumer_complaints,7841,0.997959,0.308251,,,insufficient_history_for_rolling_sedi,cfpb_complaints_monthly
cfpb_2012-07,cfpb,2012-07,consumer_complaints,6755,0.998964,0.27772,,,insufficient_history_for_rolling_sedi,cfpb_complaints_monthly
cfpb_2012-08,cfpb,2012-08,consumer_complaints,6877,0.999273,0.269158,,,insufficient_history_for_rolling_sedi,cfpb_complaints_monthly
cfpb_2012-09,cfpb,2012-09,consumer_complaints,5492,1.0,0.263474,,,insufficient_history_for_rolling_sedi,cfpb_complaints_monthly
cfpb_2012-10,cfpb,2012-10,consumer_complaints,6741,0.999555,0.259457,,,insufficient_history_for_rolling_sedi,cfpb_complaints_monthly
cfpb_2012-11,cfpb,2012-11,consumer_complaints,6139,0.999511,0.228539,,,insufficient_history_for_rolling_sedi,cfpb_complaints_monthly
cfpb_2012-12,cfpb,2012-12,consumer_complaints,6238,0.99984,0.203751,,,insufficient_history_for_rolling_sedi,cfpb_complaints_monthly
cfpb_2013-01,cfpb,2013-01,consumer_complaints,9741,0.999692,0.214249,,0.669288,ok,cfpb_complaints_monthly
cfpb_2013-02,cfpb,2013-02,consumer_complaints,8349,0.99988,0.210923,,0.592642,ok,cfpb_complaints_monthly
cfpb_2013-03,cfpb,2013-03,consumer_complaints,8785,0.999431,0.210814,,0.631195,ok,cfpb_complaints_monthly
cfpb_2013-04,cfpb,2013-04,consumer_complaints,8632,0.999768,0.194741,,0.628554,ok,cfpb_complaints_monthly
cfpb_2013-05,cfpb,2013-05,consumer_complaints,8170,0.999633,0.185802,,0.607657,ok,cfpb_complaints_monthly
cfpb_2013-06,cfpb,2013-06,consumer_complaints,8035,1.0,0.192906,,0.536034,ok,cfpb_complaints_monthly
cfpb_2013-07,cfpb,2013-07,consumer_complaints,9270,0.999245,0.224595,,0.667293,ok,cfpb_complaints_monthly
cfpb_2013-08,cfpb,2013-08,consumer_complaints,9564,0.999373,0.223547,,0.650261,ok,cfpb_complaints_monthly
cfpb_2013-09,cfpb,2013-09,consumer_complaints,9636,0.999896,0.231112,,0.479217,ok,cfpb_complaints_monthly
cfpb_2013-10,cfpb,2013-10,consumer_complaints,9240,0.999459,0.219481,,0.587478,ok,cfpb_complaints_monthly
cfpb_2013-11,cfpb,2013-11,consumer_complaints,9318,0.998927,0.220434,,0.691329,ok,cfpb_complaints_monthly
cfpb_2013-12,cfpb,2013-12,consumer_complaints,9474,0.997889,0.221554,,0.803305,ok,cfpb_complaints_monthly
cfpb_2014-01,cfpb,2014-01,consumer_complaints,12615,0.998415,0.22069,,0.867605,ok,cfpb_complaints_monthly
cfpb_2014-02,cfpb,2014-02,consumer_complaints,13046,0.99931,0.222137,,0.661677,ok,cfpb_complaints_monthly
cfpb_2014-03,cfpb,2014-03,consumer_complaints,13940,0.999067,0.216858,,0.678985,ok,cfpb_complaints_monthly
cfpb_2014-04,cfpb,2014-04,consumer_complaints,13834,0.997615,0.204713,,0.79682,ok,cfpb_complaints_monthly
cfpb_2014-05,cfpb,2014-05,consumer_complaints,12158,0.997779,0.211466,,0.672697,ok,cfpb_complaints_monthly
cfpb_2014-06,cfpb,2014-06,consumer_complaints,12508,0.998721,0.205389,,0.640888,ok,cfpb_complaints_monthly
cfpb_2014-07,cfpb,2014-07,consumer_complaints,13402,0.998657,0.200567,,0.72063,ok,cfpb_complaints_monthly
cfpb_2014-08,cfpb,2014-08,consumer_complaints,13169,0.998633,0.193561,,0.715611,ok,cfpb_complaints_monthly
cfpb_2014-09,cfpb,2014-09,consumer_complaints,12454,0.997832,0.18749,,0.739251,ok,cfpb_complaints_monthly
cfpb_2014-10,cfpb,2014-10,consumer_complaints,12882,0.997361,0.187626,,0.750884,ok,cfpb_complaints_monthly
cfpb_2014-11,cfpb,2014-11,consumer_complaints,11243,0.997154,0.186516,,0.671019,ok,cfpb_complaints_monthly
cfpb_2014-12,cfpb,2014-12,consumer_complaints,11658,0.995625,0.180648,,0.77546,ok,cfpb_complaints_monthly
cfpb_2015-01,cfpb,2015-01,consumer_complaints,12608,0.994845,0.200666,,0.686894,ok,cfpb_complaints_monthly
cfpb_2015-02,cfpb,2015-02,consumer_complaints,12657,0.997393,0.195465,,0.530506,ok,cfpb_complaints_monthly
cfpb_2015-03,cfpb,2015-03,consumer_complaints,14489,0.996618,0.196908,,0.686932,ok,cfpb_complaints_monthly
cfpb_2015-04,cfpb,2015-04,consumer_complaints,13729,0.994027,0.197465,,0.725201,ok,cfpb_complaints_monthly
cfpb_2015-05,cfpb,2015-05,consumer_complaints,13671,0.995831,0.189818,,0.656374,ok,cfpb_complaints_monthly
cfpb_2015-06,cfpb,2015-06,consumer_complaints,14502,0.99669,0.184388,,0.697884,ok,cfpb_complaints_monthly
cfpb_2015-07,cfpb,2015-07,consumer_complaints,15895,0.995785,0.193583,,0.698781,ok,cfpb_complaints_monthly
cfpb_2015-08,cfpb,2015-08,consumer_complaints,15756,0.997525,0.18374,,0.649958,ok,cfpb_complaints_monthly
cfpb_2015-09,cfpb,2015-09,consumer_complaints,14320,0.997277,0.17486,,0.644215,ok,cfpb_complaints_monthly
cfpb_2015-10,cfpb,2015-10,consumer_complaints,14879,0.997446,0.220647,,0.251922,ok,cfpb_complaints_monthly
cfpb_2015-11,cfpb,2015-11,consumer_complaints,12890,0.997052,0.185648,,0.455934,ok,cfpb_complaints_monthly
cfpb_2015-12,cfpb,2015-12,consumer_complaints,12877,0.996971,0.183505,,0.457812,ok,cfpb_complaints_monthly
cfpb_2016-01,cfpb,2016-01,consumer_complaints,13827,0.995878,0.179215,,0.594173,ok,cfpb_complaints_monthly
cfpb_2016-02,cfpb,2016-02,consumer_complaints,14131,0.994905,0.181374,,0.650371,ok,cfpb_complaints_monthly
cfpb_2016-03,cfpb,2016-03,consumer_complaints,16599,0.995964,0.181457,,0.711292,ok,cfpb_complaints_monthly
cfpb_2016-04,cfpb,2016-04,consumer_complaints,15595,0.99564,0.18134,,0.636455,ok,cfpb_complaints_monthly
cfpb_2016-05,cfpb,2016-05,consumer_complaints,15510,0.997099,0.18646,,0.499154,ok,cfpb_complaints_monthly
cfpb_2016-06,cfpb,2016-06,consumer_complaints,16054,0.996076,0.197272,,0.545721,ok,cfpb_complaints_monthly
cfpb_2016-07,cfpb,2016-07,consumer_complaints,16032,0.997193,0.203593,,0.419605,ok,cfpb_complaints_monthly
cfpb_2016-08,cfpb,2016-08,consumer_complaints,17678,0.99621,0.187069,,0.673405,ok,cfpb_complaints_monthly
cfpb_2016-09,cfpb,2016-09,consumer_complaints,17560,0.996071,0.177221,,0.691864,ok,cfpb_complaints_monthly
cfpb_2016-10,cfpb,2016-10,consumer_complaints,17789,0.99539,0.177975,,0.722629,ok,cfpb_complaints_monthly
cfpb_2016-11,cfpb,2016-11,consumer_complaints,15194,0.996775,0.170067,,0.560833,ok,cfpb_complaints_monthly
cfpb_2016-12,cfpb,2016-12,consumer_complaints,15325,0.995954,0.175139,,0.56649,ok,cfpb_complaints_monthly
cfpb_2017-01,cfpb,2017-01,consumer_complaints,20988,0.996903,0.150086,,0.835177,ok,cfpb_complaints_monthly
cfpb_2017-02,cfpb,2017-02,consumer_complaints,18079,0.995298,0.164777,,0.703724,ok,cfpb_complaints_monthly
cfpb_2017-03,cfpb,2017-03,consumer_complaints,19740,0.995137,0.168338,,0.748672,ok,cfpb_complaints_monthly
cfpb_2017-04,cfpb,2017-04,consumer_complaints,18534,0.995468,0.170444,,0.642728,ok,cfpb_complaints_monthly
cfpb_2017-05,cfpb,2017-05,consumer_complaints,19278,0.994502,0.160079,,0.762663,ok,cfpb_complaints_monthly
cfpb_2017-06,cfpb,2017-06,consumer_complaints,18546,0.994554,0.158956,,0.700928,ok,cfpb_complaints_monthly
cfpb_2017-07,cfpb,2017-07,consumer_complaints,20418,0.995641,0.14497,,0.716076,ok,cfpb_complaints_monthly
cfpb_2017-08,cfpb,2017-08,consumer_complaints,21381,0.99537,0.154576,,0.696083,ok,cfpb_complaints_monthly
cfpb_2017-09,cfpb,2017-09,consumer_complaints,27336,0.996927,0.118196,,0.859663,ok,cfpb_complaints_monthly
cfpb_2017-10,cfpb,2017-10,consumer_complaints,20444,0.995206,0.164596,,0.536827,ok,cfpb_complaints_monthly
cfpb_2017-11,cfpb,2017-11,consumer_complaints,18980,0.995522,0.157903,,0.498465,ok,cfpb_complaints_monthly
cfpb_2017-12,cfpb,2017-12,consumer_complaints,19023,0.994848,0.160069,,0.526711,ok,cfpb_complaints_monthly
cfpb_2018-01,cfpb,2018-01,consumer_complaints,23633,0.994711,0.166427,,0.602438,ok,cfpb_complaints_monthly
cfpb_2018-02,cfpb,2018-02,consumer_complaints,21959,0.995264,0.175054,,0.456007,ok,cfpb_complaints_monthly
cfpb_2018-03,cfpb,2018-03,consumer_complaints,23620,0.995724,0.174344,,0.455528,ok,cfpb_complaints_monthly
cfpb_2018-04,cfpb,2018-04,consumer_complaints,24314,0.995723,0.18512,,0.426534,ok,cfpb_complaints_monthly
cfpb_2018-05,cfpb,2018-05,consumer_complaints,22321,0.996595,0.181175,,0.321251,ok,cfpb_complaints_monthly
cfpb_2018-06,cfpb,2018-06,consumer_complaints,20092,0.995919,0.179226,,0.358621,ok,cfpb_complaints_monthly
cfpb_2018-07,cfpb,2018-07,consumer_complaints,20946,0.994892,0.194309,,0.438992,ok,cfpb_complaints_monthly
cfpb_2018-08,cfpb,2018-08,consumer_complaints,21710,0.994611,0.19438,,0.494005,ok,cfpb_complaints_monthly
cfpb_2018-09,cfpb,2018-09,consumer_complaints,19065,0.99486,0.1893,,0.418985,ok,cfpb_complaints_monthly
cfpb_2018-10,cfpb,2018-10,consumer_complaints,21883,0.995567,0.180597,,0.472307,ok,cfpb_complaints_monthly
cfpb_2018-11,cfpb,2018-11,consumer_complaints,19046,0.99496,0.18051,,0.446611,ok,cfpb_complaints_monthly
cfpb_2018-12,cfpb,2018-12,consumer_complaints,18544,0.995848,0.172023,,0.391782,ok,cfpb_complaints_monthly
cfpb_2019-01,cfpb,2019-01,consumer_complaints,18926,0.996513,0.177692,,0.32651,ok,cfpb_complaints_monthly
cfpb_2019-02,cfpb,2019-02,consumer_complaints,20194,0.995296,0.190056,,0.425653,ok,cfpb_complaints_monthly
cfpb_2019-03,cfpb,2019-03,consumer_complaints,23400,0.995897,0.199829,,0.404568,ok,cfpb_complaints_monthly
cfpb_2019-04,cfpb,2019-04,consumer_complaints,22905,0.996769,0.204453,,0.307302,ok,cfpb_complaints_monthly
cfpb_2019-05,cfpb,2019-05,consumer_complaints,23841,0.995931,0.200159,,0.507524,ok,cfpb_complaints_monthly
cfpb_2019-06,cfpb,2019-06,consumer_complaints,23335,0.996657,0.196957,,0.431412,ok,cfpb_complaints_monthly
cfpb_2019-07,cfpb,2019-07,consumer_complaints,25070,0.996649,0.188153,,0.554217,ok,cfpb_complaints_monthly
cfpb_2019-08,cfpb,2019-08,consumer_complaints,26043,0.99689,0.198364,,0.479465,ok,cfpb_complaints_monthly
cfpb_2019-09,cfpb,2019-09,consumer_complaints,23565,0.996096,0.202589,,0.452548,ok,cfpb_complaints_monthly
cfpb_2019-10,cfpb,2019-10,consumer_complaints,25624,0.996761,0.189549,,0.526024,ok,cfpb_complaints_monthly
cfpb_2019-11,cfpb,2019-11,consumer_complaints,22641,0.995672,0.188463,,0.557525,ok,cfpb_complaints_monthly
cfpb_2019-12,cfpb,2019-12,consumer_complaints,21696,0.995667,0.193722,,0.514421,ok,cfpb_complaints_monthly
cfpb_2020-01,cfpb,2020-01,consumer_complaints,26394,0.995794,0.203304,,0.559508,ok,cfpb_complaints_monthly
cfpb_2020-02,cfpb,2020-02,consumer_complaints,25079,0.997009,0.139439,,0.896539,ok,cfpb_complaints_monthly
cfpb_2020-03,cfpb,2020-03,consumer_complaints,29480,0.997117,0.12656,,0.808309,ok,cfpb_complaints_monthly
cfpb_2020-04,cfpb,2020-04,consumer_complaints,34794,0.998103,0.105104,,0.768521,ok,cfpb_complaints_monthly
cfpb_2020-05,cfpb,2020-05,consumer_complaints,36987,0.998351,0.08503,,0.695709,ok,cfpb_complaints_monthly
cfpb_2020-06,cfpb,2020-06,consumer_complaints,37888,0.998416,0.082612,,0.636645,ok,cfpb_complaints_monthly
cfpb_2020-07,cfpb,2020-07,consumer_complaints,40639,0.998204,0.075149,,0.651815,ok,cfpb_complaints_monthly
cfpb_2020-08,cfpb,2020-08,consumer_complaints,39187,0.998367,0.081251,,0.580413,ok,cfpb_complaints_monthly
cfpb_2020-09,cfpb,2020-09,consumer_complaints,39875,0.998245,0.07353,,0.584935,ok,cfpb_complaints_monthly
cfpb_2020-10,cfpb,2020-10,consumer_complaints,43975,0.998681,0.066356,,0.589207,ok,cfpb_complaints_monthly
cfpb_2020-11,cfpb,2020-11,consumer_complaints,41541,0.998435,0.065863,,0.58245,ok,cfpb_complaints_monthly
cfpb_2020-12,cfpb,2020-12,consumer_complaints,48375,0.998677,0.063297,,0.619128,ok,cfpb_complaints_monthly
cfpb_2021-01,cfpb,2021-01,consumer_complaints,42477,0.998446,0.075594,,0.54757,ok,cfpb_complaints_monthly
cfpb_2021-02,cfpb,2021-02,consumer_complaints,33262,0.998346,0.099844,,0.392682,ok,cfpb_complaints_monthly
cfpb_2021-03,cfpb,2021-03,consumer_complaints,41172,0.99762,0.099582,,0.577198,ok,cfpb_complaints_monthly
cfpb_2021-04,cfpb,2021-04,consumer_complaints,39665,0.997655,0.092323,,0.597536,ok,cfpb_complaints_monthly
cfpb_2021-05,cfpb,2021-05,consumer_complaints,41312,0.998354,0.089417,,0.453576,ok,cfpb_complaints_monthly
cfpb_2021-06,cfpb,2021-06,consumer_complaints,45733,0.998382,0.090504,,0.519844,ok,cfpb_complaints_monthly
cfpb_2021-07,cfpb,2021-07,consumer_complaints,45075,0.99807,0.09391,,0.54121,ok,cfpb_complaints_monthly
cfpb_2021-08,cfpb,2021-08,consumer_complaints,42584,0.99838,0.092171,,0.446343,ok,cfpb_complaints_monthly
cfpb_2021-09,cfpb,2021-09,consumer_complaints,40371,0.997919,0.094127,,0.487709,ok,cfpb_complaints_monthly
cfpb_2021-10,cfpb,2021-10,consumer_complaints,39295,0.998397,0.098768,,0.344508,ok,cfpb_complaints_monthly
cfpb_2021-11,cfpb,2021-11,consumer_complaints,39069,0.998387,0.125675,,0.237356,ok,cfpb_complaints_monthly
cfpb_2021-12,cfpb,2021-12,consumer_complaints,45927,0.999107,0.332876,,0.008807,ok,cfpb_complaints_monthly
cfpb_2022-01,cfpb,2022-01,consumer_complaints,53229,0.998948,0.332563,,0.387294,ok,cfpb_complaints_monthly
cfpb_2022-02,cfpb,2022-02,consumer_complaints,53185,0.998947,0.334812,,0.392579,ok,cfpb_complaints_monthly
cfpb_2022-03,cfpb,2022-03,consumer_complaints,61896,0.998901,0.339586,,0.530785,ok,cfpb_complaints_monthly
cfpb_2022-04,cfpb,2022-04,consumer_complaints,72244,0.99928,0.335488,,0.517479,ok,cfpb_complaints_monthly
cfpb_2022-05,cfpb,2022-05,consumer_complaints,60378,0.99942,0.354102,,0.353043,ok,cfpb_complaints_monthly
cfpb_2022-06,cfpb,2022-06,consumer_complaints,61872,0.999418,0.369456,,0.379815,ok,cfpb_complaints_monthly
cfpb_2022-07,cfpb,2022-07,consumer_complaints,64440,0.999379,0.368327,,0.417407,ok,cfpb_complaints_monthly
cfpb_2022-08,cfpb,2022-08,consumer_complaints,69258,0.99935,0.343383,,0.470283,ok,cfpb_complaints_monthly
cfpb_2022-09,cfpb,2022-09,consumer_complaints,65778,0.999331,0.349919,,0.451862,ok,cfpb_complaints_monthly
cfpb_2022-10,cfpb,2022-10,consumer_complaints,75792,0.999393,0.34406,,0.52629,ok,cfpb_complaints_monthly
cfpb_2022-11,cfpb,2022-11,consumer_complaints,77039,0.999182,0.353795,,0.569303,ok,cfpb_complaints_monthly
cfpb_2022-12,cfpb,2022-12,consumer_complaints,85146,0.999495,0.344843,,0.567849,ok,cfpb_complaints_monthly
cfpb_2023-01,cfpb,2023-01,consumer_complaints,93933,0.999478,0.342308,,0.638545,ok,cfpb_complaints_monthly
cfpb_2023-02,cfpb,2023-02,consumer_complaints,86539,0.999284,0.356799,,0.549915,ok,cfpb_complaints_monthly
cfpb_2023-03,cfpb,2023-03,consumer_complaints,110635,0.99934,0.353577,,0.687477,ok,cfpb_complaints_monthly
cfpb_2023-04,cfpb,2023-04,consumer_complaints,97086,0.999536,0.36821,,0.356537,ok,cfpb_complaints_monthly
cfpb_2023-05,cfpb,2023-05,consumer_complaints,106211,0.999529,0.435712,,0.111769,ok,cfpb_complaints_monthly
cfpb_2023-06,cfpb,2023-06,consumer_complaints,104425,0.999559,0.465808,,0.242305,ok,cfpb_complaints_monthly
cfpb_2023-07,cfpb,2023-07,consumer_complaints,106773,0.999476,0.4701,,0.378849,ok,cfpb_complaints_monthly
cfpb_2023-08,cfpb,2023-08,consumer_complaints,119712,0.999432,0.467551,,0.495102,ok,cfpb_complaints_monthly
cfpb_2023-09,cfpb,2023-09,consumer_complaints,112887,0.999477,0.477428,,0.435372,ok,cfpb_complaints_monthly
cfpb_2023-10,cfpb,2023-10,consumer_complaints,117420,0.99937,0.480983,,0.531515,ok,cfpb_complaints_monthly
cfpb_2023-11,cfpb,2023-11,consumer_complaints,113366,0.999391,0.47213,,0.511762,ok,cfpb_complaints_monthly
cfpb_2023-12,cfpb,2023-12,consumer_complaints,123066,0.999472,0.502454,,0.496404,ok,cfpb_complaints_monthly
cfpb_2024-01,cfpb,2024-01,consumer_complaints,143366,0.999449,0.526293,,0.606648,ok,cfpb_complaints_monthly
cfpb_2024-02,cfpb,2024-02,consumer_complaints,157614,0.999359,0.547575,,0.659109,ok,cfpb_complaints_monthly
cfpb_2024-03,cfpb,2024-03,consumer_complaints,177816,0.999471,0.540079,,0.618908,ok,cfpb_complaints_monthly
cfpb_2024-04,cfpb,2024-04,consumer_complaints,191120,0.99943,0.563424,,0.599923,ok,cfpb_complaints_monthly
cfpb_2024-05,cfpb,2024-05,consumer_complaints,211962,0.999396,0.535066,,0.667449,ok,cfpb_complaints_monthly
cfpb_2024-06,cfpb,2024-06,consumer_complaints,204167,0.999505,0.537962,,0.47862,ok,cfpb_complaints_monthly
cfpb_2024-07,cfpb,2024-07,consumer_complaints,232654,0.999463,0.519114,,0.586953,ok,cfpb_complaints_monthly
cfpb_2024-08,cfpb,2024-08,consumer_complaints,263815,0.999458,0.489612,,0.667464,ok,cfpb_complaints_monthly
cfpb_2024-09,cfpb,2024-09,consumer_complaints,264821,0.999622,0.481944,,0.436016,ok,cfpb_complaints_monthly
cfpb_2024-10,cfpb,2024-10,consumer_complaints,295879,0.999341,0.480348,,0.777979,ok,cfpb_complaints_monthly
cfpb_2024-11,cfpb,2024-11,consumer_complaints,287078,0.999373,0.487251,,0.712206,ok,cfpb_complaints_monthly
cfpb_2024-12,cfpb,2024-12,consumer_complaints,303979,0.9995,0.475428,,0.64903,ok,cfpb_complaints_monthly
cfpb_2025-01,cfpb,2025-01,consumer_complaints,475783,0.99901,0.395943,,0.975226,ok,cfpb_complaints_monthly
cfpb_2025-02,cfpb,2025-02,consumer_complaints,335236,0.998586,0.465326,,0.872812,ok,cfpb_complaints_monthly
cfpb_2025-03,cfpb,2025-03,consumer_complaints,396974,0.998204,0.49108,,0.818602,ok,cfpb_complaints_monthly
cfpb_2025-04,cfpb,2025-04,consumer_complaints,406102,0.998564,0.485797,,0.695878,ok,cfpb_complaints_monthly
cfpb_2025-05,cfpb,2025-05,consumer_complaints,415185,0.998637,0.47192,,0.678295,ok,cfpb_complaints_monthly
cfpb_2025-06,cfpb,2025-06,consumer_complaints,412163,0.99835,0.483394,,0.662568,ok,cfpb_complaints_monthly
cfpb_2025-07,cfpb,2025-07,consumer_complaints,473199,0.997675,0.463334,,0.778187,ok,cfpb_complaints_monthly
cfpb_2025-08,cfpb,2025-08,consumer_complaints,495577,0.998269,0.321423,,0.896416,ok,cfpb_complaints_monthly
cfpb_2025-09,cfpb,2025-09,consumer_complaints,503852,0.998126,0.345764,,1.0,ok,cfpb_complaints_monthly
cfpb_2025-10,cfpb,2025-10,consumer_complaints,519800,0.998034,0.359442,,0.981371,ok,cfpb_complaints_monthly
cfpb_2025-11,cfpb,2025-11,consumer_complaints,496671,0.997626,0.375766,,0.710578,ok,cfpb_complaints_monthly
cfpb_2025-12,cfpb,2025-12,consumer_complaints,512461,0.997036,0.351888,,0.797226,ok,cfpb_complaints_monthly
sec_2006,sec,2006,edgar_review,9920,,,1.337298,,short_history_sedi_uses_first_three_years_after_warmup,sec_edgar_yearly
sec_2007,sec,2007,edgar_review,9624,,,1.276808,,short_history_sedi_uses_first_three_years_after_warmup,sec_edgar_yearly
sec_2008,sec,2008,edgar_review,10162,,,1.288427,,short_history_sedi_uses_first_three_years_after_warmup,sec_edgar_yearly
sec_2009,sec,2009,edgar_review,11771,,,1.266842,0.954329,ok,sec_edgar_yearly
sec_2010,sec,2010,edgar_review,11001,,,1.313971,0.194232,ok,sec_edgar_yearly
sec_2011,sec,2011,edgar_review,10544,,,1.261476,0.521044,ok,sec_edgar_yearly
sec_2012,sec,2012,edgar_review,9968,,,1.130919,0.849899,ok,sec_edgar_yearly
sec_2013,sec,2013,edgar_review,9559,,,1.19207,0.413377,ok,sec_edgar_yearly
sec_2014,sec,2014,edgar_review,9247,,,1.053098,0.631873,ok,sec_edgar_yearly
sec_2015,sec,2015,edgar_review,8869,,,0.913857,0.741486,ok,sec_edgar_yearly
sec_2016,sec,2016,edgar_review,8388,,,0.893777,0.546441,ok,sec_edgar_yearly
sec_2017,sec,2017,edgar_review,7898,,,0.889719,0.449693,ok,sec_edgar_yearly
sec_2018,sec,2018,edgar_review,7816,,,0.753327,0.640993,ok,sec_edgar_yearly
sec_2019,sec,2019,edgar_review,7643,,,0.657988,0.757886,ok,sec_edgar_yearly
sec_2020,sec,2020,edgar_review,7413,,,0.830973,0.367419,ok,sec_edgar_yearly
sec_2021,sec,2021,edgar_review,8014,,,1.005615,0.160137,ok,sec_edgar_yearly
sec_2022,sec,2022,edgar_review,8401,,,0.919652,0.519707,ok,sec_edgar_yearly
sec_2023,sec,2023,edgar_review,7997,,,0.976116,0.429362,ok,sec_edgar_yearly
sec_2024,sec,2024,edgar_review,7490,,,1.047664,0.276331,ok,sec_edgar_yearly
