year,month,ym,total,untimely_n,relief_n,explanation_n,untimely_resp_n,in_progress_n,closed_total
2012,1,2012-01,3230,192,695,77,36,0,3230
2012,2,2012-02,3509,136,684,93,39,0,3509
2012,3,2012-03,6229,225,1430,187,55,0,6229
2012,4,2012-04,5703,237,1265,342,43,0,5703
2012,5,2012-05,7614,400,2225,2762,26,0,7614
2012,6,2012-06,7841,356,2417,5136,16,0,7841
2012,7,2012-07,6755,233,1876,4718,7,0,6755
2012,8,2012-08,6877,210,1851,4795,5,0,6877
2012,9,2012-09,5492,146,1447,3887,0,0,5492
2012,10,2012-10,6741,150,1749,4800,3,0,6741
2012,11,2012-11,6139,105,1403,4568,3,0,6139
2012,12,2012-12,6238,117,1271,4748,1,0,6238
2013,1,2013-01,9741,96,2087,7386,3,0,9741
2013,2,2013-02,8349,71,1761,6362,1,0,8349
2013,3,2013-03,8785,60,1852,6671,5,0,8785
2013,4,2013-04,8632,64,1681,6666,2,0,8632
2013,5,2013-05,8170,56,1518,6386,3,0,8170
2013,6,2013-06,8035,50,1550,6255,0,0,8035
2013,7,2013-07,9270,120,2082,6916,7,0,9270
2013,8,2013-08,9564,112,2138,7137,6,0,9564
2013,9,2013-09,9636,151,2227,7173,1,0,9636
2013,10,2013-10,9240,120,2028,6973,5,0,9240
2013,11,2013-11,9318,168,2054,7027,10,0,9318
2013,12,2013-12,9474,197,2099,7081,20,0,9474
2014,1,2014-01,12615,237,2784,9496,20,0,12615
2014,2,2014-02,13046,224,2898,9866,9,0,13046
2014,3,2014-03,13940,215,3023,10605,13,0,13940
2014,4,2014-04,13834,303,2832,10671,33,0,13834
2014,5,2014-05,12158,241,2571,9290,27,0,12158
2014,6,2014-06,12508,255,2569,9670,16,0,12508
2014,7,2014-07,13402,276,2688,10415,18,0,13402
2014,8,2014-08,13169,330,2549,10269,18,0,13169
2014,9,2014-09,12454,310,2335,9790,27,0,12454
2014,10,2014-10,12882,381,2417,10128,34,0,12882
2014,11,2014-11,11243,323,2097,8821,32,0,11243
2014,12,2014-12,11658,404,2106,9179,51,0,11658
2015,1,2015-01,12608,363,2530,9677,65,0,12608
2015,2,2015-02,12657,375,2474,9805,33,0,12657
2015,3,2015-03,14489,402,2853,11176,49,0,14489
2015,4,2015-04,13729,423,2711,10595,82,0,13729
2015,5,2015-05,13671,360,2595,10694,57,0,13671
2015,6,2015-06,14502,395,2674,11410,48,0,14502
2015,7,2015-07,15895,440,3077,12384,67,0,15895
2015,8,2015-08,15756,410,2895,12491,39,0,15756
2015,9,2015-09,14320,344,2504,11458,39,0,14320
2015,10,2015-10,14879,380,3283,11144,38,0,14879
2015,11,2015-11,12890,390,2393,10098,38,0,12890
2015,12,2015-12,12877,340,2363,10135,39,0,12877
2016,1,2016-01,13827,442,2478,10944,57,0,13827
2016,2,2016-02,14131,408,2563,11173,72,0,14131
2016,3,2016-03,16599,486,3012,13204,67,0,16599
2016,4,2016-04,15595,425,2828,12429,68,0,15595
2016,5,2016-05,15510,408,2892,12291,45,0,15510
2016,6,2016-06,16054,409,3167,12442,63,0,16054
2016,7,2016-07,16032,391,3264,12441,45,0,16032
2016,8,2016-08,17678,496,3307,14002,67,0,17678
2016,9,2016-09,17560,695,3112,14059,69,0,17560
2016,10,2016-10,17789,890,3166,14241,82,0,17789
2016,11,2016-11,15194,798,2584,12273,49,0,15194
2016,12,2016-12,15325,651,2684,12247,62,0,15325
2017,1,2017-01,20988,736,3150,17372,65,0,20988
2017,2,2017-02,18079,605,2979,14593,85,0,18079
2017,3,2017-03,19740,604,3323,15934,96,0,19740
2017,4,2017-04,18534,418,3159,15153,84,0,18534
2017,5,2017-05,19278,841,3086,16086,106,0,19278
2017,6,2017-06,18546,367,2948,15497,101,0,18546
2017,7,2017-07,20418,362,2960,17369,89,0,20418
2017,8,2017-08,21381,422,3305,17977,99,0,21381
2017,9,2017-09,27336,309,3231,24021,84,0,27336
2017,10,2017-10,20444,624,3365,16981,98,0,20444
2017,11,2017-11,18980,1104,2997,15898,85,0,18980
2017,12,2017-12,19023,406,3045,15880,98,0,19023
2018,1,2018-01,23633,442,3933,19574,125,0,23632
2018,2,2018-02,21959,404,3844,18011,104,0,21959
2018,3,2018-03,23620,390,4118,19401,101,0,23620
2018,4,2018-04,24314,327,4501,19709,104,0,24314
2018,5,2018-05,22321,345,4044,18201,76,0,22321
2018,6,2018-06,20092,376,3601,16409,82,0,20092
2018,7,2018-07,20946,436,4070,16769,107,0,20946
2018,8,2018-08,21710,407,4220,17373,117,0,21710
2018,9,2018-09,19065,364,3609,15358,98,0,19065
2018,10,2018-10,21883,324,3952,17834,97,0,21883
2018,11,2018-11,19046,309,3438,15512,96,0,19046
2018,12,2018-12,18544,282,3190,15277,77,0,18544
2019,1,2019-01,18926,271,3363,15497,66,0,18926
2019,2,2019-02,20194,410,3838,16261,95,0,20194
2019,3,2019-03,23400,353,4676,18628,96,0,23400
2019,4,2019-04,22905,321,4683,18148,74,0,22905
2019,5,2019-05,23841,377,4772,18972,97,0,23841
2019,6,2019-06,23335,326,4596,18661,78,0,23335
2019,7,2019-07,25070,332,4717,20269,84,0,25070
2019,8,2019-08,26043,326,5166,20796,81,0,26043
2019,9,2019-09,23565,337,4774,18699,92,0,23565
2019,10,2019-10,25624,399,4857,20683,83,1,25624
2019,11,2019-11,22641,354,4267,18276,98,0,22641
2019,12,2019-12,21696,344,4203,17399,94,0,21696
2020,1,2020-01,26394,393,5366,20917,111,0,26394
2020,2,2020-02,25079,311,3497,21507,75,0,25079
2020,3,2020-03,29480,346,3731,25664,85,0,29480
2020,4,2020-04,34794,440,3657,31071,66,0,34794
2020,5,2020-05,36987,470,3145,33781,61,0,36987
2020,6,2020-06,37888,411,3130,34698,60,0,37888
2020,7,2020-07,40639,354,3054,37512,73,0,40639
2020,8,2020-08,39187,321,3184,35939,64,0,39187
2020,9,2020-09,39875,379,2932,36873,70,0,39875
2020,10,2020-10,43975,368,2918,40999,58,0,43975
2020,11,2020-11,41541,362,2736,38740,65,0,41541
2020,12,2020-12,48375,402,3062,45249,64,0,48375
2021,1,2021-01,42477,333,3211,39200,66,0,42477
2021,2,2021-02,33262,360,3321,29886,55,0,33262
2021,3,2021-03,41172,498,4100,36974,98,0,41172
2021,4,2021-04,39665,507,3662,35910,93,0,39665
2021,5,2021-05,41312,444,3694,37550,68,0,41312
2021,6,2021-06,45733,796,4139,41520,74,0,45733
2021,7,2021-07,45075,585,4233,40755,87,0,45075
2021,8,2021-08,42584,583,3925,38590,69,0,42584
2021,9,2021-09,40371,552,3800,36486,84,1,40371
2021,10,2021-10,39295,508,3881,35350,63,0,39294
2021,11,2021-11,39069,419,4910,34096,63,0,39069
2021,12,2021-12,45927,579,15288,30598,41,0,45927
2022,1,2022-01,53229,362,17702,35471,56,0,53229
2022,2,2022-02,53185,364,17807,35322,56,0,53185
2022,3,2022-03,61896,527,21019,40809,68,0,61896
2022,4,2022-04,72244,562,24237,47955,52,0,72244
2022,5,2022-05,60378,429,21380,38963,35,0,60378
2022,6,2022-06,61872,401,22859,38977,36,0,61872
2022,7,2022-07,64440,398,23735,40665,40,0,64440
2022,8,2022-08,69258,428,23782,45431,45,0,69258
2022,9,2022-09,65778,372,23017,42717,44,0,65778
2022,10,2022-10,75792,394,26077,49669,46,0,75792
2022,11,2022-11,77039,452,27256,49720,63,0,77039
2022,12,2022-12,85146,438,29362,55741,43,0,85146
2023,1,2023-01,93933,588,32154,61730,49,0,93933
2023,2,2023-02,86539,406,30877,55600,62,0,86539
2023,3,2023-03,110635,502,39118,71444,73,0,110635
2023,4,2023-04,97086,352,35748,61293,45,0,97086
2023,5,2023-05,106211,338,46277,59883,50,0,106210
2023,6,2023-06,104425,269,48642,55737,46,0,104425
2023,7,2023-07,106773,334,50194,56523,56,0,106773
2023,8,2023-08,119712,360,55971,63672,68,0,119711
2023,9,2023-09,112887,492,53894,58931,59,0,112884
2023,10,2023-10,117420,703,56477,60869,74,0,117420
2023,11,2023-11,113366,605,53523,59773,69,0,113365
2023,12,2023-12,123066,576,61835,61166,65,0,123066
2024,1,2024-01,143366,656,75451,67833,79,0,143363
2024,2,2024-02,157614,646,86305,71207,101,0,157613
2024,3,2024-03,177816,742,96033,81686,94,0,177813
2024,4,2024-04,191120,700,107680,83328,109,0,191117
2024,5,2024-05,211962,572,113412,98419,128,0,211959
2024,6,2024-06,204167,439,109834,94232,101,0,204167
2024,7,2024-07,232654,578,120774,111755,125,0,232654
2024,8,2024-08,263815,692,129167,134505,143,0,263815
2024,9,2024-09,264821,660,127629,137092,100,0,264821
2024,10,2024-10,295879,692,142125,153559,195,0,295879
2024,11,2024-11,287078,710,139879,147019,180,0,287078
2024,12,2024-12,303979,655,144520,159307,152,0,303979
2025,1,2025-01,475783,1638,188383,286929,471,0,475783
2025,2,2025-02,335236,1410,155994,178768,474,0,335236
2025,3,2025-03,396974,2722,194946,201315,713,0,396974
2025,4,2025-04,406102,2578,197283,208236,583,0,406102
2025,5,2025-05,415185,2265,195934,218685,566,0,415185
2025,6,2025-06,412163,2163,199237,212246,680,0,412163
2025,7,2025-07,473199,2018,219249,252849,1100,1,473199
2025,8,2025-08,495577,1988,159290,335429,858,0,495577
2025,9,2025-09,503852,1693,174214,328625,944,69,503852
2025,10,2025-10,519800,1630,186838,331706,1022,234,519800
2025,11,2025-11,496671,2026,186632,308848,1179,12,496671
2025,12,2025-12,512461,2464,180329,330560,1519,53,512461
